{
  "scene": "spin",
  "checkpoint": "resources/movies_ckpt.safetensors",
  "data_root": "datasets/iphone",
  "metric_definition": "DyCheck iPhone local eval with camera_id 0 as source and other cameras as held-out novel views",
  "metric_scope": "full-frame unmasked RGB metrics on held-out cameras",
  "sampling_protocol": {
    "clip_length": 65,
    "num_frames": 13,
    "image_size": [
      392,
      392
    ],
    "seed": 0,
    "clip_time_ids": [
      326,
      327,
      328,
      329,
      330,
      331,
      332,
      333,
      334,
      335,
      336,
      337,
      338,
      339,
      340,
      341,
      342,
      343,
      344,
      345,
      346,
      347,
      348,
      349,
      350,
      351,
      352,
      353,
      354,
      355,
      356,
      357,
      358,
      359,
      360,
      361,
      362,
      363,
      364,
      365,
      366,
      367,
      368,
      369,
      370,
      371,
      372,
      373,
      374,
      375,
      376,
      377,
      378,
      379,
      380,
      381,
      382,
      383,
      384,
      385,
      386,
      387,
      388,
      389,
      390
    ],
    "sampled_time_ids": [
      326,
      331,
      336,
      342,
      347,
      352,
      358,
      363,
      368,
      374,
      379,
      384,
      390
    ],
    "source_camera_id": 0,
    "eval_camera_ids": [
      1,
      2
    ]
  },
  "assumptions": [
    "Uses local DyCheck iPhone scene in Nerfies-style format.",
    "Applies scene.json center/scale normalization and canonicalizes the first source camera.",
    "Undistorts RGBs and switches the intrinsics to DyCheck's undistorted image domain before resize/crop.",
    "Aggregates PSNR/SSIM/LPIPS over the selected 13 timestamps for each held-out camera.",
    "Does not use DyCheck co-visibility masks, so these are not directly comparable to official masked benchmark metrics."
  ],
  "per_camera": [
    {
      "psnr": 7.704363822937012,
      "ssim": 0.12386249005794525,
      "ssim_x100": 12.386249005794525,
      "lpips": 0.6673064827919006,
      "camera_id": 1,
      "num_target_frames": 13
    },
    {
      "psnr": 8.430663108825684,
      "ssim": 0.13361993432044983,
      "ssim_x100": 13.361993432044983,
      "lpips": 0.6395476460456848,
      "camera_id": 2,
      "num_target_frames": 13
    }
  ],
  "overall_mean_psnr": 8.067513465881348,
  "overall_mean_ssim": 0.12874121218919754,
  "overall_mean_ssim_x100": 12.874121218919754,
  "overall_mean_lpips": 0.6534270644187927
}