{
  "scene": "teddy",
  "checkpoint": "resources/movies_ckpt.safetensors",
  "data_root": "datasets/iphone",
  "metric_definition": "DyCheck iPhone local eval with camera_id 0 as source and other cameras as held-out novel views",
  "metric_scope": "full-frame unmasked RGB metrics on held-out cameras",
  "sampling_protocol": {
    "clip_length": 65,
    "num_frames": 13,
    "image_size": [
      392,
      392
    ],
    "seed": 0,
    "clip_time_ids": [
      90,
      91,
      92,
      93,
      94,
      95,
      96,
      97,
      98,
      99,
      100,
      101,
      102,
      103,
      104,
      105,
      106,
      107,
      108,
      109,
      110,
      111,
      112,
      113,
      114,
      115,
      116,
      117,
      118,
      119,
      120,
      121,
      122,
      123,
      124,
      125,
      126,
      127,
      128,
      129,
      130,
      131,
      132,
      133,
      134,
      135,
      136,
      137,
      138,
      139,
      140,
      141,
      142,
      143,
      144,
      145,
      146,
      147,
      148,
      149,
      150,
      151,
      152,
      153,
      154
    ],
    "sampled_time_ids": [
      90,
      95,
      100,
      106,
      111,
      116,
      122,
      127,
      132,
      138,
      143,
      148,
      154
    ],
    "source_camera_id": 0,
    "eval_camera_ids": [
      1,
      2
    ]
  },
  "assumptions": [
    "Uses local DyCheck iPhone scene in Nerfies-style format.",
    "Applies scene.json center/scale normalization and canonicalizes the first source camera.",
    "Undistorts RGBs and switches the intrinsics to DyCheck's undistorted image domain before resize/crop.",
    "Aggregates PSNR/SSIM/LPIPS over the selected 13 timestamps for each held-out camera.",
    "Does not use DyCheck co-visibility masks, so these are not directly comparable to official masked benchmark metrics."
  ],
  "per_camera": [
    {
      "psnr": 7.023942947387695,
      "ssim": 0.09939968585968018,
      "ssim_x100": 9.939968585968018,
      "lpips": 0.7355745434761047,
      "camera_id": 1,
      "num_target_frames": 13
    },
    {
      "psnr": 8.193506240844727,
      "ssim": 0.11706919968128204,
      "ssim_x100": 11.706919968128204,
      "lpips": 0.7694321870803833,
      "camera_id": 2,
      "num_target_frames": 13
    }
  ],
  "overall_mean_psnr": 7.608724594116211,
  "overall_mean_ssim": 0.10823444277048111,
  "overall_mean_ssim_x100": 10.823444277048111,
  "overall_mean_lpips": 0.752503365278244
}