{
  "canonical_scale_tensor": "backbone_outputs['scale']",
  "deformed_scale_tensor": "pred_motion_gs[i]['motion_scale']",
  "scale_activation": "softplus",
  "log_volume_definition": "logV = sum_j log(scale_j)",
  "drift_definition": "drift = abs(logV_t - logV_0)",
  "num_gaussians": 1979796,
  "timesteps": [
    0.0,
    0.0833333358168602,
    0.1666666716337204,
    0.25,
    0.3333333432674408,
    0.4166666865348816,
    0.5,
    0.5833333134651184,
    0.6666666269302368,
    0.75,
    0.8333333134651184,
    0.9166666865348816,
    1.0
  ],
  "mean_drift_per_frame": [
    0.33770909905433655,
    0.3373648226261139,
    0.33223119378089905,
    0.3351419270038605,
    0.3146674931049347,
    0.31512725353240967,
    0.2846626043319702,
    0.26881349086761475,
    0.24925489723682404,
    0.24080237746238708,
    0.24691857397556305,
    0.22005195915699005,
    0.24625040590763092
  ],
  "overall_mean_drift": 0.28684553503990173,
  "overall_std_drift": 1.730560541152954,
  "max_drift": 25.476238250732422,
  "per_frame_percentiles": {
    "p50": [
      0.0,
      0.0,
      0.0,
      0.0,
      0.0,
      0.0,
      0.0,
      0.0,
      0.0,
      0.0,
      0.0,
      0.0,
      0.0
    ],
    "p90": [
      1.9073486328125e-06,
      1.9073486328125e-06,
      1.9073486328125e-06,
      1.9073486328125e-06,
      1.9073486328125e-06,
      1.9073486328125e-06,
      1.9073486328125e-06,
      1.9073486328125e-06,
      1.9073486328125e-06,
      1.9073486328125e-06,
      1.9073486328125e-06,
      1.9073486328125e-06,
      1.9073486328125e-06
    ],
    "p95": [
      3.814697265625e-06,
      3.814697265625e-06,
      3.814697265625e-06,
      3.814697265625e-06,
      3.814697265625e-06,
      3.814697265625e-06,
      3.814697265625e-06,
      3.814697265625e-06,
      3.814697265625e-06,
      3.814697265625e-06,
      3.814697265625e-06,
      3.814697265625e-06,
      3.814697265625e-06
    ],
    "p99": [
      11.976526451110843,
      11.951580142974853,
      11.924823474884034,
      12.335298347473152,
      12.103508758544923,
      12.315130710601808,
      11.438818550109868,
      11.10513954162599,
      10.312124252319363,
      9.888730049133315,
      10.026947784423836,
      9.7167649269104,
      10.218551540374778
    ]
  },
  "overall_percentiles": {
    "p50": 0.0,
    "p90": 1.9073486328125e-06,
    "p95": 3.814697265625e-06,
    "p99": 11.421104660034189
  },
  "histogram": {
    "counts": [
      24916601,
      28297,
      26871,
      25224,
      22668,
      21603,
      21079,
      21046,
      21694,
      22928,
      25634,
      29295,
      34360,
      41821,
      49756,
      56031,
      59205,
      60001,
      59846,
      55526,
      45344,
      34097,
      23348,
      15336,
      8971,
      4744,
      2663,
      1462,
      828,
      503,
      283,
      145,
      71,
      38,
      9,
      12,
      5,
      0,
      2,
      1
    ],
    "bin_edges": [
      0.0,
      0.6369059681892395,
      1.273811936378479,
      1.9107178449630737,
      2.547623872756958,
      3.1845297813415527,
      3.8214356899261475,
      4.458341598510742,
      5.095247745513916,
      5.732153415679932,
      6.3690595626831055,
      7.005965709686279,
      7.642871379852295,
      8.279777526855469,
      8.916683197021484,
      9.5535888671875,
      10.190495491027832,
      10.827401161193848,
      11.464306831359863,
      12.101213455200195,
      12.738119125366211,
      13.375024795532227,
      14.011931419372559,
      14.648837089538574,
      15.28574275970459,
      15.922649383544922,
      16.559555053710938,
      17.196460723876953,
      17.83336639404297,
      18.470272064208984,
      19.107177734375,
      19.74408531188965,
      20.380990982055664,
      21.01789665222168,
      21.654802322387695,
      22.29170799255371,
      22.928613662719727,
      23.565521240234375,
      24.20242691040039,
      24.839332580566406,
      25.476238250732422
    ]
  },
  "exported_splats": {
    "canonical": {
      "path": "out/motocross-bumps/gaussians/canonical.ply",
      "num_points": 1971603
    },
    "time_last": {
      "path": "out/motocross-bumps/gaussians/time_last.ply",
      "num_points": 1912549
    }
  }
}