{
  "scene": "paper-windmill",
  "checkpoint": "resources/movies_ckpt.safetensors",
  "data_root": "datasets/iphone",
  "metric_definition": "DyCheck iPhone local eval with camera_id 0 as source and other cameras as held-out novel views",
  "metric_scope": "full-frame unmasked RGB metrics on held-out cameras",
  "sampling_protocol": {
    "clip_length": 65,
    "num_frames": 13,
    "image_size": [
      392,
      392
    ],
    "seed": 0,
    "clip_time_ids": [
      210,
      211,
      212,
      213,
      214,
      215,
      216,
      217,
      218,
      219,
      220,
      221,
      222,
      223,
      224,
      225,
      226,
      227,
      228,
      229,
      230,
      231,
      232,
      233,
      234,
      235,
      236,
      237,
      238,
      239,
      240,
      241,
      242,
      243,
      244,
      245,
      246,
      247,
      248,
      249,
      250,
      251,
      252,
      253,
      254,
      255,
      256,
      257,
      258,
      259,
      260,
      261,
      262,
      263,
      264,
      265,
      266,
      267,
      268,
      269,
      270,
      271,
      272,
      273,
      274
    ],
    "sampled_time_ids": [
      210,
      215,
      220,
      226,
      231,
      236,
      242,
      247,
      252,
      258,
      263,
      268,
      274
    ],
    "source_camera_id": 0,
    "eval_camera_ids": [
      1,
      2
    ]
  },
  "assumptions": [
    "Uses local DyCheck iPhone scene in Nerfies-style format.",
    "Applies scene.json center/scale normalization and canonicalizes the first source camera.",
    "Undistorts RGBs and switches the intrinsics to DyCheck's undistorted image domain before resize/crop.",
    "Aggregates PSNR/SSIM/LPIPS over the selected 13 timestamps for each held-out camera.",
    "Does not use DyCheck co-visibility masks, so these are not directly comparable to official masked benchmark metrics."
  ],
  "per_camera": [
    {
      "psnr": 12.610294342041016,
      "ssim": 0.3043939471244812,
      "ssim_x100": 30.43939471244812,
      "lpips": 0.4603487253189087,
      "camera_id": 1,
      "num_target_frames": 13
    },
    {
      "psnr": 11.38497257232666,
      "ssim": 0.18322741985321045,
      "ssim_x100": 18.322741985321045,
      "lpips": 0.5166667103767395,
      "camera_id": 2,
      "num_target_frames": 13
    }
  ],
  "overall_mean_psnr": 11.997633457183838,
  "overall_mean_ssim": 0.24381068348884583,
  "overall_mean_ssim_x100": 24.381068348884583,
  "overall_mean_lpips": 0.4885077178478241
}