{
  "scene": "space-out",
  "checkpoint": "resources/movies_ckpt.safetensors",
  "data_root": "datasets/iphone",
  "metric_definition": "DyCheck iPhone local eval with camera_id 0 as source and other cameras as held-out novel views",
  "sampling_protocol": {
    "clip_length": 65,
    "num_frames": 13,
    "image_size": [
      518,
      518
    ],
    "seed": 0,
    "clip_time_ids": [
      347,
      348,
      349,
      350,
      351,
      352,
      353,
      354,
      355,
      356,
      357,
      358,
      359,
      360,
      361,
      362,
      363,
      364,
      365,
      366,
      367,
      368,
      369,
      370,
      371,
      372,
      373,
      374,
      375,
      376,
      377,
      378,
      379,
      380,
      381,
      382,
      383,
      384,
      385,
      386,
      387,
      388,
      389,
      390,
      391,
      392,
      393,
      394,
      395,
      396,
      397,
      398,
      399,
      400,
      401,
      402,
      403,
      404,
      405,
      406,
      407,
      408,
      409,
      410,
      411
    ],
    "sampled_time_ids": [
      347,
      352,
      357,
      363,
      368,
      373,
      379,
      384,
      389,
      395,
      400,
      405,
      411
    ],
    "source_camera_id": 0,
    "eval_camera_ids": [
      1,
      2
    ]
  },
  "assumptions": [
    "Uses local DyCheck iPhone scene in Nerfies-style format.",
    "Applies scene.json center/scale normalization and canonicalizes the first source camera.",
    "Undistorts RGBs with the camera distortion parameters, then evaluates with pinhole intrinsics.",
    "Aggregates PSNR/SSIM/LPIPS over the selected 13 timestamps for each held-out camera."
  ],
  "per_camera": [
    {
      "psnr": 7.662920951843262,
      "ssim": 0.25957372784614563,
      "ssim_x100": 25.957372784614563,
      "lpips": 0.6747676730155945,
      "camera_id": 1,
      "num_target_frames": 13
    },
    {
      "psnr": 9.773293495178223,
      "ssim": 0.38570868968963623,
      "ssim_x100": 38.57086896896362,
      "lpips": 0.625022828578949,
      "camera_id": 2,
      "num_target_frames": 13
    }
  ],
  "overall_mean_psnr": 8.718107223510742,
  "overall_mean_ssim": 0.32264120876789093,
  "overall_mean_ssim_x100": 32.26412087678909,
  "overall_mean_lpips": 0.6498952507972717
}